{
    "queries": [
        {
            "name": "Find all Domain Admins",
            "queryList": [
                {
                    "final": true,
                    "query": "MATCH p=(n:Group)<-[:MemberOf*1..]-(m) WHERE n.objectid =~ $name RETURN p",
                    "props": {
                        "name": "(?i)S-1-5-.*-512"
                    },
                    "allowCollapse": false
                }
            ]
        },
        {
            "name": "Find Shortest Paths to Domain Admins",
            "queryList": [
                {
                    "final": false,
                    "title": "Select a Domain Admin group...",
                    "query": "MATCH (n:Group) WHERE n.objectid =~ $name RETURN n.name ORDER BY n.name DESC",
                    "props": {
                        "name": "(?i)S-1-5-.*-512"
                    }
                },
                {
                    "final": true,
                    "query": "MATCH p=shortestPath((n)-[:{}*1..]->(m:Group {name:$result})) WHERE NOT n=m RETURN p",
                    "allowCollapse": true,
                    "endNode": "{}"
                }
            ]
        },
        {
            "name": "Find Principals with DCSync Rights",
            "queryList": [
                {
                    "final": false,
                    "title": "Select a Domain...",
                    "query": "MATCH (n:Domain) RETURN n.name ORDER BY n.name DESC"
                },
                {
                    "final": true,
                    "query": "MATCH (n1)-[:MemberOf|GetChanges*1..]->(u:Domain {name: $result}) WITH n1,u MATCH (n1)-[:MemberOf|GetChangesAll*1..]->(u) WITH n1,u MATCH p = (n1)-[:MemberOf|GetChanges|GetChangesAll*1..]->(u) RETURN p",
                    "allowCollapse": true,
                    "endNode": "{}"
                }
            ]
        },
        {
            "name": "Users with Foreign Domain Group Membership",
            "queryList": [
                {
                    "final": false,
                    "title": "Select source domain...",
                    "query": "MATCH (n:Domain) RETURN n.name ORDER BY n.name DESC"
                },
                {
                    "final": true,
                    "query": "MATCH p=(n:User)-[:MemberOf]->(m:Group) WHERE n.domain=$result AND m.domain<>n.domain RETURN p",
                    "startNode": "{}",
                    "allowCollapse": false
                }
            ]
        },
        {
            "name": "Groups with Foreign Domain Group Membership",
            "queryList": [
                {
                    "final": false,
                    "title": "Select source domain...",
                    "query": "MATCH (n:Domain) RETURN n.name ORDER BY n.name DESC"
                },
                {
                    "final": true,
                    "query": "MATCH p=(n:Group {domain:$result})-[:MemberOf]->(m:Group) WHERE m.domain<>n.domain AND n.name<>m.name RETURN p",
                    "startNode": "{}",
                    "allowCollapse": false
                }
            ]
        },
        {
            "name": "Map Domain Trusts",
            "queryList": [
                {
                    "final": true,
                    "query": "MATCH p=(n:Domain)-->(m:Domain) RETURN p",
                    "allowCollapse": true
                }
            ]
        },
        {
            "name": "Shortest Paths to Unconstrained Delegation Systems",
            "queryList": [
                {
                    "final": true,
                    "query": "MATCH (n) MATCH p=shortestPath((n)-[:{}*1..]->(m:Computer {unconstraineddelegation: true})) WHERE NOT n=m RETURN p"
                }
            ]
        },
        {
            "name": "Shortest Paths from Kerberoastable Users",
            "queryList": [
                {
                    "final": false,
                    "title": "Select a domain...",
                    "query": "MATCH (n:Domain) RETURN n.name ORDER BY n.name DESC"
                },
                {
                    "final": false,
                    "title": "Select a user",
                    "query": "MATCH (n:User) WHERE n.domain=$result AND n.hasspn=true RETURN n.name, n.pwdlastset ORDER BY n.pwdlastset ASC"
                },
                {
                    "final": true,
                    "query": "MATCH p=shortestPath((a:User {name:$result})-[:{}*1..]->(b:Computer)) RETURN p",
                    "startNode": "{}",
                    "allowCollapse": true
                }
            ]
        },
        {
            "name": "Shortest Paths to Domain Admins from Kerberoastable Users",
            "queryList": [
                {
                    "final": false,
                    "title": "Select a Domain Admin group...",
                    "query": "MATCH (n:Group) WHERE n.objectid =~ $name RETURN n.name ORDER BY n.name DESC",
                    "props": {
                        "name": "(?i)S-1-5-.*-512"
                    }
                },
                {
                    "final": true,
                    "query": "MATCH p=shortestPath((n:User {hasspn:true})-[:{}*1..]->(m:Group {name:$result})) RETURN p",
                    "allowCollapse": true,
                    "endNode": "{}"
                }
            ]
        },
        {
            "name": "Shortest Path from Owned Principals",
            "queryList": [
                {
                    "final": false,
                    "title": "Select a domain...",
                    "query": "MATCH (n:Domain) RETURN n.name ORDER BY n.name DESC"
                },
                {
                    "final": false,
                    "title": "Select a user",
                    "query": "MATCH (n) WHERE n.domain=$result AND n.owned=true RETURN n.name, n.PwdLastSet ORDER BY n.PwdLastSet ASC"
                },
                {
                    "final": true,
                    "query": "MATCH p=shortestPath((a {name:$result})-[:{}*1..]->(b:Computer)) WHERE NOT a=b RETURN p",
                    "startNode": "{}",
                    "allowCollapse": true
                }
            ]
        },
        {
            "name": "Shortest Paths to Domain Admins from Owned Principals",
            "queryList": [
                {
                    "final": false,
                    "title": "Select a Domain Admin group...",
                    "query": "MATCH (n:Group) WHERE n.objectid =~ $name RETURN n.name ORDER BY n.name DESC",
                    "props": {
                        "name": "(?i)S-1-5-.*-512"
                    }
                },
                {
                    "final": true,
                    "query": "MATCH p=shortestPath((n {owned:true})-[:{}*1..]->(m:Group {name:$result})) WHERE NOT n=m RETURN p",
                    "allowCollapse": true,
                    "endNode": "{}"
                }
            ]
        },
        {
            "name": "Shortest Paths to High Value Targets",
            "queryList": [
                {
                    "final": false,
                    "title": "Select a Domain",
                    "query": "MATCH (n:Domain) RETURN n.name ORDER BY n.name DESC"
                },
                {
                    "final": true,
                    "query": "MATCH p=shortestPath((n)-[*1..]->(m {highvalue:true})) WHERE m.domain=$result AND m<>n RETURN p",
                    "allowCollapse": true,
                    "endNode": "{}"
                }
            ]
        },
        {
            "name": "Find Computers where Domain Users are Local Admin",
            "queryList": [
                {
                    "final": false,
                    "title": "Select a Domain Users Group...",
                    "query": "MATCH (n:Group) WHERE n.objectid ENDS WITH '-513' RETURN n.name ORDER BY n.name DESC"
                },
                {
                    "final": true,
                    "query": "MATCH p=(m:Group {name:$result})-[:AdminTo]->(n:Computer) RETURN p",
                    "allowCollapse": true
                }
            ]
        },
        {
            "name": "Shortest Paths from Domain Users to High Value Targets",
            "queryList": [
                {
                    "final": false,
                    "title": "Select a Domain Users Group...",
                    "query": "MATCH (n:Group) WHERE n.objectid ENDS WITH '-513' RETURN n.name ORDER BY n.name DESC"
                },
                {
                    "final": true,
                    "query": "MATCH p=shortestPath((g:Group {name:$result})-[*1..]->(n {highvalue:true})) WHERE g.objectid ENDS WITH '-513' AND g<>n return p",
                    "allowCollapse": true
                }
            ]
        },
        {
            "name": "Find All Paths from Domain Users to High Value Targets",
            "queryList": [
                {
                    "final": false,
                    "title": "Select a Domain Users Group...",
                    "query": "MATCH (n:Group) WHERE n.objectid ENDS WITH '-513' RETURN n.name ORDER BY n.name DESC"
                },
                {
                    "final": true,
                    "query": "MATCH p=shortestPath((g:Group {name:$result})-[*1..]->(n {highvalue:true})) WHERE g<>n return p",
                    "allowCollapse": true
                }
            ]
        },
        {
            "name": "Find Workstations where Domain Users can RDP",
            "queryList": [
                {
                    "final": false,
                    "title": "Select a Domain Users Group...",
                    "query": "MATCH (n:Group) WHERE n.objectid ENDS WITH '-513' RETURN n.name ORDER BY n.name DESC"
                },
                {
                    "final": true,
                    "query": "match p=(g:Group {name:$result})-[:CanRDP]->(c:Computer) where NOT c.operatingsystem CONTAINS 'Server' return p",
                    "allowCollapse": true
                }
            ]
        },
        {
            "name": "Find Servers where Domain Users can RDP",
            "queryList": [
                {
                    "final": false,
                    "title": "Select a Domain Users Group...",
                    "query": "MATCH (n:Group) WHERE n.objectid ENDS WITH '-513' RETURN n.name ORDER BY n.name DESC"
                },
                {
                    "final": true,
                    "query": "MATCH p=(g:Group {name:$result})-[:CanRDP]->(c:Computer) WHERE c.operatingsystem CONTAINS 'Server' return p",
                    "allowCollapse": false
                }
            ]
        },
        {
            "name": "Find Dangerous Rights for Domain Users Groups",
            "queryList": [
                {
                    "final": false,
                    "title": "Select a Domain Users Group...",
                    "query": "MATCH (n:Group) WHERE n.objectid ENDS WITH '-513' RETURN n.name ORDER BY n.name DESC"
                },
                {
                    "final": true,
                    "query": "MATCH p=(m:Group)-[:Owns|WriteDacl|GenericAll|WriteOwner|ExecuteDCOM|GenericWrite|AllowedToDelegate|ForceChangePassword]->(n:Computer) WHERE m.objectid ENDS WITH '-513' RETURN p",
                    "allowCollapse": true
                }
            ]
        },
        {
            "name": "Find Kerberoastable Members of High Value Groups",
            "queryList": [
                {
                    "final": true,
                    "query": "MATCH p=shortestPath((n:User)-[r:MemberOf]->(g:Group)) WHERE g.highvalue=true AND n.hasspn=true RETURN p",
                    "allowCollapse": true
                }
            ]
        },
        {
            "name": "List all Kerberoastable Accounts",
            "queryList": [
                {
                    "final": true,
                    "query": "MATCH (n:User)WHERE n.hasspn=true RETURN n",
                    "allowCollapse": true
                }
            ]
        },
        {
            "name": "Find Kerberoastable Users with most privileges",
            "queryList": [
                {
                    "final": true,
                    "query": "MATCH (u:User {hasspn:true}) OPTIONAL MATCH (u)-[:AdminTo]->(c1:Computer) OPTIONAL MATCH (u)-[:MemberOf*1..]->(:Group)-[:AdminTo]->(c2:Computer) WITH u,COLLECT(c1) + COLLECT(c2) AS tempVar UNWIND tempVar AS comps RETURN u.name,COUNT(DISTINCT(comps)) ORDER BY COUNT(DISTINCT(comps)) DESC",
                    "allowCollapse": true
                }
            ]
        },
        {
            "name": "Find Domain Admin Logons to non-Domain Controllers",
            "queryList": [
                {
                    "final": true,
                    "query": "MATCH (c:Computer)-[:MemberOf]->(t:Group) WHERE NOT t.name STARTS WITH 'DOMAIN CONTROLLERS' WITH c as NonDC MATCH p=(NonDC)-[:HasSession]->(n:User)-[:MemberOf]-> (g:Group) WHERE g.name STARTS WITH 'DOMAIN ADMINS' RETURN p",
                    "allowCollapse": true
                }
            ]
        },
        {
            "name": "Find Computers with Unsupported Operating Systems",
            "queryList": [
                {
                    "final": true,
                    "query": "MATCH (n:Computer) WHERE n.operatingsystem =~ '(?i).*\\\\b(2000|2003|2008|xp|vista|7|me)\\\\b.*' RETURN n",
                    "allowCollapse": true
                }
            ]
        },
        {
            "name": "Find AS-REP Roastable Users (DontReqPreAuth)",
            "queryList": [
                {
                    "final": true,
                    "query": "MATCH (u:User {dontreqpreauth: true}) RETURN u",
                    "allowCollapse": true
                }
            ]
        },
	{
            "name": "List all owned users",
            "queryList": [
                {
                    "final": true,
                    "query": "MATCH (m:User) WHERE m.owned=TRUE RETURN m"
                }
            ]
        },
		{
            "name": "List all owned computers",
            "queryList": [
                {
                    "final": true,
                    "query": "MATCH (m:Computer) WHERE m.owned=TRUE RETURN m"
                }
            ]
        },
			{
            "name": "List all owned groups",
            "queryList": [
                {
                    "final": true,
                    "query": "MATCH (m:Group) WHERE m.owned=TRUE RETURN m"
                }
            ]
        },
			{
            "name": "List all High Valued Targets",
            "queryList": [
                {
                    "final": true,
                    "query": "MATCH (m) WHERE m.highvalue=TRUE RETURN m"
                }
            ]
        },
			{
            "name": "List the groups of all owned users",
            "queryList": [
                {
                    "final": true,
                    "query": "MATCH (m:User) WHERE m.owned=TRUE WITH m MATCH p=(m)-[:MemberOf*1..]->(n:Group) RETURN p"
                }
            ]
        },
        {

            "name": "Find all Kerberoastable Users",
            "queryList": [
                {
                    "final": true,
                    "query": "MATCH (n:User)WHERE n.hasspn=true RETURN n",
                    "allowCollapse": false
                }
            ]
        },
		{
            "name": "Find All Users with an SPN/Find all Kerberoastable Users with passwords last set less than 5 years ago",
            "queryList": [
                {
                    "final": true,
                    "query": "MATCH (u:User) WHERE u.hasspn=true AND u.pwdlastset < (datetime().epochseconds - (1825 * 86400)) AND NOT u.pwdlastset IN [-1.0, 0.0] RETURN u.name, u.pwdlastset order by u.pwdlastset "
                }
            ]
        },
		{
            "name": "Find Kerberoastable Users with a path to DA",
            "queryList": [
                {
                    "final": true,
                    "query": "MATCH (u:User {hasspn:true}) MATCH (g:Group) WHERE g.objectid ENDS WITH '-512' MATCH p = shortestPath( (u)-[*1..]->(g) ) RETURN p"
                }
            ]
        },
        {
            "name": "Find machines Domain Users can RDP into",
            "queryList": [
                {
                    "final": true,
                    "query": "match p=(g:Group)-[:CanRDP]->(c:Computer) where g.objectid ENDS WITH '-513' return p"
                }
            ]
        },
        {
            "name": "Find what groups can RDP",
            "queryList": [
                {
                    "final": true,
                    "query": "MATCH p=(m:Group)-[r:CanRDP]->(n:Computer) RETURN p"
                }
            ]
        },		
        {
            "name": "Find groups that can reset passwords (Warning: Heavy)",
            "queryList": [
                {
                    "final": true,
                    "query": "MATCH p=(m:Group)-[r:ForceChangePassword]->(n:User) RETURN p"
                }
            ]
        },
        {
            "name": "Find groups that have local admin rights (Warning: Heavy)",
            "queryList": [
                {
                    "final": true,
                    "query": "MATCH p=(m:Group)-[r:AdminTo]->(n:Computer) RETURN p"
                }
            ]
        },
        {
            "name": "Find all users that have local admin rights",
            "queryList": [
                {
                    "final": true,
                    "query": "MATCH p=(m:User)-[r:AdminTo]->(n:Computer) RETURN p"
                }
            ]
        },
        {
            "name": "Find all active Domain Admin sessions",
            "queryList": [
                {
                    "final": true,
                    "query": "MATCH (n:User)-[:MemberOf]->(g:Group) WHERE g.objectid ENDS WITH '-512' MATCH p = (c:Computer)-[:HasSession]->(n) return p"
                }
            ]
        },
		{
            "name": "Find all computers with Unconstrained Delegation",
            "queryList": [
                {
                    "final": true,
                    "query": "MATCH (c:Computer {unconstraineddelegation:true}) return c"
                }
            ]
        },
		{
            "name": "Find all computers with unsupported operating systems",
            "queryList": [
                {
                    "final": true,
                    "query": "MATCH (H:Computer) WHERE H.operatingsystem =~ '.*(2000|2003|2008|xp|vista|7|me).*' RETURN H"
                }
            ]
        },
		{
            "name": "Find users that logged in within the last 90 days",
            "queryList": [
                {
                    "final": true,
                    "query": "MATCH (u:User) WHERE u.lastlogon < (datetime().epochseconds - (90 * 86400)) and NOT u.lastlogon IN [-1.0, 0.0] RETURN u"
                }
            ]
        },
		{
            "name": "Find users with passwords last set within the last 90 days",
            "queryList": [
                {
                    "final": true,
                    "query": "MATCH (u:User) WHERE u.pwdlastset < (datetime().epochseconds - (90 * 86400)) and NOT u.pwdlastset IN [-1.0, 0.0] RETURN u"
                }
            ]
        },		
		{
            "name": "Find constrained delegation",
            "queryList": [
                {
                    "final": true,
                    "query": "MATCH p=(u:User)-[:AllowedToDelegate]->(c:Computer) RETURN p"
                }
            ]
        },	
		{
            "name": "Find computers that allow unconstrained delegation that AREN’T domain controllers.",
            "queryList": [
                {
                    "final": true,
                    "query": "MATCH (c1:Computer)-[:MemberOf*1..]->(g:Group) WHERE g.objectid ENDS WITH '-516' WITH COLLECT(c1.name) AS domainControllers MATCH (c2:Computer {unconstraineddelegation:true}) WHERE NOT c2.name IN domainControllers RETURN c2"
                }
            ]
        },			
		{
            "name": " Return the name of every computer in the database where at least one SPN for the computer contains the string 'MSSQL'",
            "queryList": [
                {
                    "final": true,
                    "query": "MATCH (c:Computer) WHERE ANY (x IN c.serviceprincipalnames WHERE toUpper(x) CONTAINS 'MSSQL') RETURN c"
                }
            ]
        },				
		{
            "name": "View all GPOs",
            "queryList": [
                {
                    "final": true,
                    "query": "Match (n:GPO) RETURN n"
                }
            ]
        },		
		{
            "name": "View all groups that contain the word 'admin'",
            "queryList": [
                {
                    "final": true,
                    "query": "Match (n:Group) WHERE n.name CONTAINS 'ADMIN' RETURN n"
                }
            ]
        },	
		{
            "name": "Find users that can be AS-REP roasted",
            "queryList": [
                {
                    "final": true,
                    "query": "MATCH (u:User {dontreqpreauth: true}) RETURN u"
                }
            ]
        },			
		{
            "name": "Find All Users with an SPN/Find all Kerberoastable Users with passwords last set > 5 years ago",
            "queryList": [
                {
                    "final": true,
                    "query": "MATCH (u:User) WHERE n.hasspn=true AND WHERE u.pwdlastset < (datetime().epochseconds - (1825 * 86400)) and NOT u.pwdlastset IN [-1.0, 0.0] RETURN u"
                }
            ]
        },				
		{
            "name": "Show all high value target's groups",
            "queryList": [
                {
                    "final": true,
                    "query": "MATCH p=(n:User)-[r:MemberOf*1..]->(m:Group {highvalue:true}) RETURN p"
                }
            ]
        },			
		{
            "name": "Find groups that contain both users and computers",
            "queryList": [
                {
                    "final": true,
                    "query": "MATCH (c:Computer)-[r:MemberOf*1..]->(groupsWithComps:Group) WITH groupsWithComps MATCH (u:User)-[r:MemberOf*1..]->(groupsWithComps) RETURN DISTINCT(groupsWithComps) as groupsWithCompsAndUsers"
                }
            ]
        },			
		{
            "name": "Find Kerberoastable users who are members of high value groups",
            "queryList": [
                {
                    "final": true,
                    "query": "MATCH (u:User)-[r:MemberOf*1..]->(g:Group) WHERE g.highvalue=true AND u.hasspn=true RETURN u"
                }
            ]
        },			
		{
            "name": "Find Kerberoastable users and where they are AdminTo",
            "queryList": [
                {
                    "final": true,
                    "query": "OPTIONAL MATCH (u1:User) WHERE u1.hasspn=true OPTIONAL MATCH (u1)-[r:AdminTo]->(c:Computer) RETURN u"
                }
            ]
        },			
		{
            "name": "Find computers with constrained delegation permissions and the corresponding targets where they allowed to delegate",
            "queryList": [
                {
                    "final": true,
                    "query": "MATCH (c:Computer) WHERE c.allowedtodelegate IS NOT NULL RETURN c"
                }
            ]
        },		
		{
            "name": "Find if any domain user has interesting permissions against a GPO (Warning: Heavy)",
            "queryList": [
                {
                    "final": true,
                    "query": "MATCH p=(u:User)-[r:AllExtendedRights|GenericAll|GenericWrite|Owns|WriteDacl|WriteOwner|GpLink*1..]->(g:GPO) RETURN p"
                }
            ]
        },
		{
            "name": "Find if unprivileged users have rights to add members into groups",
            "queryList": [
                {
                    "final": true,
                    "query": "MATCH (n:User {admincount:False}) MATCH p=allShortestPaths((n)-[r:AddMember*1..]->(m:Group)) RETURN p"
                }
            ]
        },	
		{
            "name": "Find all users a part of the VPN group",
            "queryList": [
                {
                    "final": true,
                    "query": "Match p=(u:User)-[:MemberOf]->(g:Group) WHERE toUPPER (g.name) CONTAINS 'VPN' return p"
                }
            ]
        },
        {
            "name": "Find users that have never logged on and account is still active",
            "queryList": [
                {
                    "final": true,
                    "query": "MATCH (n:User) WHERE n.lastlogontimestamp=-1.0 AND n.enabled=TRUE RETURN n "
                }
            ]
        },
        {
            "name": "Find an object in one domain that can do something to a foreign object",
            "queryList": [
                {
                    "final": true,
                    "query": "MATCH p=(n)-[r]->(m) WHERE NOT n.domain = m.domain RETURN p"
                }
            ]
        },
        {
            "name": "Find all sessions a user in a specific domain has",
			"requireNodeSelect": true,
            "queryList": [
                {
                    "final": false,
                    "title": "Select source domain...",
                    "query": "MATCH (n:Domain) RETURN n.name ORDER BY n.name"
                },		
                {
                    "final": true,                
                    "query": "MATCH p=(m:Computer)-[r:HasSession]->(n:User {domain:{result}}) RETURN p",					
					"startNode": "{}",
                    "allowCollapse": false
                }
            ]
        },	
        {
            "name": "Find an object from domain 'A' that can do anything to a foreign object",
			"requireNodeSelect": true,
            "queryList": [
                {
                    "final": false,
                    "title": "Select source domain...",
                    "query": "MATCH (n:Domain) RETURN n.name ORDER BY n.name"
                },		
                {
                    "final": true,                
                    "query": "MATCH p=(n {domain:{result}})-[r]->(d) WHERE NOT d.domain=n.domain RETURN p",					
					"startNode": "{}",
                    "allowCollapse": false
                }
            ]
        },
        {
            "name": "Find All edges any owned user has on a computer",
            "queryList": [
                {
                    "final": true,
                    "query": "MATCH p=shortestPath((m:User)-[r]->(b:Computer)) WHERE m.owned RETURN p"
                }
            ]
        },
        {
            "name": "----------------------------------------AZURE QUERIES----------------------------------",
            "queryList": [
                {
                    "final": true,
                    "query": ""
                }
            ]
        },
        {
            "name": "Return All Azure Users that are part of the 'Global Administrator' Role",
            "queryList": [
                {
                    "final": true,
                    "query": "MATCH p =(n)-[r:AZGlobalAdmin*1..]->(m) RETURN p"
                }
            ]
        },
        {
            "name": "Return All On-Prem users with edges to Azure",
            "queryList": [
                {
                    "final": true,
                    "query": "MATCH  p=(m:User)-[r:AZResetPassword|AZOwns|AZUserAccessAdministrator|AZContributor|AZAddMembers|AZGlobalAdmin|AZVMContributor|AZOwnsAZAvereContributor]->(n) WHERE m.objectid CONTAINS 'S-1-5-21' RETURN p"
                }
            ]
        },
        {
            "name": "Find all paths to an Azure VM",
            "queryList": [
                {
                    "final": true,
                    "query": "MATCH p = (n)-[r]->(g:AZVM) RETURN p"
                }
            ]
        },
        {
            "name": "Find all paths to an Azure KeyVault",
            "queryList": [
                {
                    "final": true,
                    "query": "MATCH p = (n)-[r]->(g:AZKeyVault) RETURN p"
                }
            ]
        },
        {
            "name": "Return All Azure Users and their Groups",
            "queryList": [
                {
                    "final": true,
                    "query": "MATCH p=(m:AZUser)-[r:MemberOf]->(n) WHERE NOT m.objectid CONTAINS 'S-1-5' RETURN p"
                }
            ]
        },
        {
            "name": "Return All Azure AD Groups that are synchronized with On-Premise AD",
            "queryList": [
                {
                    "final": true,
                    "query": "MATCH (n:Group) WHERE n.objectid CONTAINS 'S-1-5' AND n.azsyncid IS NOT NULL RETURN n"
                }
            ]
        },
        {
            "name": "Find all Privileged Service Principals",
            "queryList": [
                {
                    "final": true,
                    "query": "MATCH p = (g:AZServicePrincipal)-[r]->(n) RETURN p"
                }
            ]
        },
        {
            "name": "Find all Owners of Azure Applications",
            "queryList": [
                {
                    "final": true,
                    "query": "MATCH p = (n)-[r:AZOwns]->(g:AZApp) RETURN p"
                }
            ]
        }
	]
}



